County,District,AEA,District Name,4 Year Numerator,4 Year Denominator,4 Year Cohort Graduation Rate,5 Year Numerator,5 Year Denominator,5 Year Cohort Graduation Rate,7-12 Dropout Numbers,7-12 Enrollment,7-12 Dropout Rate,9-12 Dropout Numbers,9-12 Enrollment,9-12 Dropout Rate,High School Status,Grade 7-12 Status
42,9,7,AGWSR,46,46,100,51,51,100,1,251,0.4,1,166,0.6,   High School,   Grades 7-12
39,18,11,Adair-Casey,23,25,92,30,30,100,2,134,1.49,2,90,2.22,   High School,   Grades 7-12
25,27,11,Adel DeSoto Minburn,105,106,99.06,87,88,98.86,1,710,0.14,1,464,0.22,   High School,   Grades 7-12
75,63,12,Akron Westfield,34,35,97.14,35,36,97.22,2,240,0.83,2,171,1.17,   High School,   Grades 7-12
11,72,5,Albert City-Truesdale,,,,,0,,****,****,****,****,****,****,No High School,No Grades 7-12
68,81,15,Albia,87,95,91.58,71,74,95.95,3,520,0.58,2,360,0.56,   High School,   Grades 7-12
57,99,10,Alburnett,49,52,94.23,51,54,94.44,4,313,1.28,4,216,1.85,   High School,   Grades 7-12
42,108,7,Alden,,,,****,****,****,,13,0,****,****,****,No High School,No Grades 7-12
55,126,5,Algona,94,101,93.07,94,100,94,7,615,1.14,7,410,1.71,   High School,   Grades 7-12
3,135,1,Allamakee,90,92,97.83,101,106,95.28,3,560,0.54,3,400,0.75,   High School,   Grades 7-12
12,153,7,North Butler,42,43,97.67,43,43,100,2,276,0.72,2,183,1.09,   High School,   Grades 7-12
11,171,5,Alta,40,40,100,51,51,100,,186,0,,182,0,   High School,   Grades 9-12
85,225,11,Ames,296,320,92.5,296,321,92.21,15,1883,0.8,15,1256,1.19,   High School,   Grades 7-12
53,234,10,Anamosa,81,91,89.01,119,123,96.75,7,578,1.21,7,380,1.84,   High School,   Grades 7-12
49,243,9,Andrew,****,****,****,****,****,****,3,53,5.66,3,15,20,No High School,   Grades 7-12
77,261,11,Ankeny,558,592,94.26,485,510,95.1,32,3944,0.81,32,2551,1.25,   High School,   Grades 7-12
12,279,7,Aplington-Parkersburg,58,58,100,72,73,98.63,,388,0,,266,0,   High School,   Grades 7-12
32,333,5,North Union,52,52,100,52,52,100,1,203,0.49,1,198,0.51,   High School,   Grades 7-12
24,355,12,Ar-We-Va,15,15,100,27,27,100,,93,0,,61,0,   High School,   Grades 7-12
15,387,13,Atlantic,93,106,87.74,82,92,89.13,7,664,1.05,7,433,1.62,   High School,   Grades 7-12
5,414,11,Audubon,40,41,97.56,53,53,100,3,255,1.18,3,191,1.57,   High School,   Grades 7-12
18,423,12,Aurelia,****,****,****,****,****,****,,117,0,,11,0,No High School,   Grades 7-12
78,441,13,A-H-S-T,31,31,100,34,38,89.47,1,279,0.36,1,183,0.55,   High School,   Grades 7-12
85,472,11,Ballard,106,112,94.64,106,108,98.15,8,776,1.03,8,512,1.56,   High School,   Grades 7-12
47,504,12,Battle Creek-Ida Grove,74,78,94.87,67,69,97.1,1,282,0.35,1,270,0.37,   High School,   Grades 7-12
50,513,11,Baxter,33,33,100,35,35,100,,197,0,,129,0,   High School,   Grades 7-12
38,540,7,BCLUW,45,49,91.84,49,50,98,3,304,0.99,3,200,1.5,   High School,   Grades 7-12
87,549,13,Bedford,27,27,100,40,44,90.91,2,208,0.96,2,143,1.4,   High School,   Grades 7-12
6,576,10,Belle Plaine,36,39,92.31,49,50,98,10,249,4.02,9,159,5.66,   High School,   Grades 7-12
49,585,9,Bellevue,54,55,98.18,48,50,96,1,322,0.31,1,225,0.44,   High School,   Grades 7-12
99,594,7,Belmond-Klemme,45,45,100,37,37,100,1,307,0.33,1,205,0.49,   High School,   Grades 7-12
16,603,9,Bennett,****,****,****,****,****,****,3,10,30,****,****,****,No High School,No Grades 7-12
6,609,10,Benton,112,124,90.32,121,126,96.03,7,698,1,7,476,1.47,   High School,   Grades 7-12
82,621,9,Bettendorf,344,361,95.29,312,330,94.55,22,2156,1.02,22,1478,1.49,   High School,   Grades 7-12
90,657,15,Eddyville-Blakesburg-,52,56,92.86,73,82,89.02,6,411,1.46,6,259,2.32,   High School,   Grades 7-12
77,720,11,Bondurant-Farrar,98,103,95.15,81,81,100,4,673,0.59,4,430,0.93,   High School,   Grades 7-12
8,729,11,Boone,173,190,91.05,174,186,93.55,25,1093,2.29,24,753,3.19,   High School,   Grades 7-12
84,747,12,Boyden-Hull,37,39,94.87,38,41,92.68,1,274,0.36,1,180,0.56,   High School,   Grades 7-12
41,819,7,West Hancock,40,43,93.02,37,40,92.5,9,267,3.37,9,195,4.62,   High School,   Grades 7-12
79,846,7,Brooklyn-Guernsey-Malcom,40,40,100,39,40,97.5,,269,0,,182,0,   High School,   Grades 7-12
95,873,7,North Iowa,40,42,95.24,44,46,95.65,9,218,4.13,9,154,5.84,   High School,   Grades 7-12
29,882,15,Burlington,219,283,77.39,233,282,82.62,91,1816,5.01,91,1220,7.46,   High School,   Grades 7-12
15,914,13,CAM,33,46,71.74,32,36,88.89,40,420,9.52,36,286,12.59,   High School,   Grades 7-12
35,916,7,CAL,14,16,87.5,13,14,92.86,2,105,1.9,2,68,2.94,   High School,   Grades 7-12
23,918,9,Calamus-Wheatland,38,42,90.48,41,42,97.62,3,256,1.17,3,173,1.73,   High School,   Grades 7-12
23,936,9,Camanche,65,76,85.53,60,73,82.19,12,503,2.39,12,339,3.54,   High School,   Grades 7-12
90,977,15,Cardinal,65,72,90.28,35,39,89.74,2,313,0.64,2,221,0.9,   High School,   Grades 7-12
91,981,11,Carlisle,125,134,93.28,107,110,97.27,5,949,0.53,5,624,0.8,   High School,   Grades 7-12
14,999,11,Carroll,98,108,90.74,135,148,91.22,7,718,0.97,7,480,1.46,   High School,   Grades 7-12
7,1044,7,Cedar Falls,345,355,97.18,351,362,96.96,10,2275,0.44,10,1520,0.66,   High School,   Grades 7-12
57,1053,10,Cedar Rapids,942,1108,85.02,990,1169,84.69,250,7428,3.37,244,5029,4.85,   High School,   Grades 7-12
57,1062,10,Center Point-Urbana,94,103,91.26,93,102,91.18,4,623,0.64,4,408,0.98,   High School,   Grades 7-12
4,1071,15,Centerville,86,96,89.58,92,101,91.09,21,607,3.46,21,415,5.06,   High School,   Grades 7-12
56,1079,15,Central Lee,70,76,92.11,73,76,96.05,4,508,0.79,4,334,1.2,   High School,   Grades 7-12
22,1080,1,Central,35,36,97.22,43,44,97.73,,212,0,,144,0,   High School,   Grades 7-12
23,1082,9,Central DeWitt,127,135,94.07,108,112,96.43,8,758,1.06,8,538,1.49,   High School,   Grades 7-12
57,1089,10,Central City,19,21,90.48,31,33,93.94,3,218,1.38,3,146,2.05,   High School,   Grades 7-12
27,1093,13,Central Decatur,42,45,93.33,69,71,97.18,7,318,2.2,7,220,3.18,   High School,   Grades 7-12
60,1095,12,Central Lyon,30,31,96.77,48,49,97.96,2,246,0.81,2,159,1.26,   High School,   Grades 7-12
59,1107,15,Chariton,112,118,94.92,89,98,90.82,,653,0,,433,0,   High School,   Grades 7-12
34,1116,7,Charles City,142,149,95.3,127,136,93.38,13,805,1.61,12,541,2.22,   High School,   Grades 7-12
24,1134,12,Charter Oak-Ute,30,30,100,22,22,100,,137,0,,101,0,   High School,   Grades 7-12
18,1152,12,Cherokee,66,70,94.29,72,79,91.14,5,456,1.1,5,298,1.68,   High School,   Grades 7-12
73,1197,13,Clarinda,70,76,92.11,66,70,94.29,6,475,1.26,6,333,1.8,   High School,   Grades 7-12
99,1206,5,Clarion-Goldfield-Dows,62,70,88.57,62,64,96.88,4,427,0.94,4,273,1.47,   High School,   Grades 7-12
20,1211,13,Clarke,83,88,94.32,77,83,92.77,11,585,1.88,10,374,2.67,   High School,   Grades 7-12
12,1215,7,Clarksville,21,21,100,25,25,100,,135,0,,92,0,   High School,   Grades 7-12
21,1218,5,Clay Central-Everly,22,23,95.65,19,19,100,2,152,1.32,2,96,2.08,   High School,   Grades 7-12
52,1221,10,Clear Creek Amana,98,108,90.74,104,113,92.04,9,810,1.11,9,560,1.61,   High School,   Grades 7-12
87,1224,13,Clearfield,****,****,****,****,****,****,,30,0,,19,0,Dissolution 2014-15,Dissolution 2014-15
17,1233,7,Clear Lake,108,111,97.3,122,123,99.19,3,611,0.49,3,405,0.74,   High School,   Grades 7-12
23,1278,9,Clinton,220,254,86.61,212,250,84.8,64,1629,3.93,64,1099,5.82,   High School,   Grades 7-12
50,1332,11,Colfax-Mingo,46,51,90.2,47,49,95.92,11,300,3.67,11,192,5.73,   High School,   Grades 7-12
57,1337,10,College,285,302,94.37,287,305,94.1,21,2117,0.99,19,1353,1.4,   High School,   Grades 7-12
85,1350,11,Collins-Maxwell,30,30,100,32,34,94.12,6,214,2.8,5,138,3.62,   High School,   Grades 7-12
85,1359,11,Colo-NESCO School,32,34,94.12,33,37,89.19,5,214,2.34,5,148,3.38,   High School,   Grades 7-12
58,1368,9,Columbus,57,67,85.07,49,60,81.67,6,350,1.71,6,243,2.47,   High School,   Grades 7-12
14,1413,11,Coon Rapids-Bayard,26,28,92.86,21,21,100,1,188,0.53,1,130,0.77,   High School,   Grades 7-12
2,1431,13,Corning,52,54,96.3,38,39,97.44,1,226,0.44,1,218,0.46,   High School,   Grades 7-12
41,1449,7,Corwith-Wesley,10,11,90.91,19,20,95,,67,0,,44,0,   High School,   Grades 7-12
78,1476,13,Council Bluffs,486,569,85.41,540,616,87.66,66,3648,1.81,66,2454,2.69,   High School,   Grades 7-12
88,1503,13,Creston,101,111,90.99,105,110,95.45,11,685,1.61,10,479,2.09,   High School,   Grades 7-12
25,1576,11,Dallas Center-Grimes,162,166,97.59,131,138,94.93,4,1089,0.37,4,736,0.54,   High School,   Grades 7-12
29,1602,15,Danville,37,40,92.5,42,43,97.67,3,290,1.03,3,201,1.49,   High School,   Grades 7-12
82,1611,9,Davenport,889,1074,82.77,814,978,83.23,277,6804,4.07,268,4550,5.89,   High School,   Grades 7-12
26,1619,15,Davis County,69,77,89.61,80,80,100,13,546,2.38,13,379,3.43,   High School,   Grades 7-12
96,1638,1,Decorah Community,127,130,97.69,133,133,100,5,791,0.63,5,572,0.87,   High School,   Grades 7-12
23,1675,9,Delwood,****,****,****,,,,,15,0,,14,0,No High School,No Grades 7-12
24,1701,12,Denison,157,187,83.96,183,197,92.89,25,1028,2.43,24,730,3.29,   High School,   Grades 7-12
9,1719,7,Denver,53,54,98.15,55,55,100,,319,0,,212,0,   High School,   Grades 7-12
77,1737,11,Des Moines Independent,1601,1960,81.68,1616,1923,84.04,579,13361,4.33,576,8873,6.49,   High School,   Grades 7-12
80,1782,13,Diagonal,****,****,****,****,****,****,,46,0,,30,0,   High School,   Grades 7-12
38,1791,7,Dike-New Hartford,62,64,96.88,49,50,98,1,384,0.26,1,253,0.4,   High School,   Grades 7-12
31,1863,1,Dubuque,710,776,91.49,716,782,91.56,73,4854,1.5,73,3288,2.22,   High School,   Grades 7-12
7,1908,7,Dunkerton,32,33,96.97,38,38,100,,217,0,,143,0,   High School,   Grades 7-12
43,1917,13,Boyer Valley,28,30,93.33,31,32,96.88,2,204,0.98,2,132,1.52,   High School,   Grades 7-12
16,1926,9,Durant,42,52,80.77,46,52,88.46,5,336,1.49,5,233,2.15,   High School,   Grades 7-12
99,1944,5,Eagle Grove,52,54,96.3,38,40,95,8,359,2.23,8,247,3.24,   High School,   Grades 7-12
61,1953,11,Earlham,46,48,95.83,31,32,96.88,1,306,0.33,1,208,0.48,   High School,   Grades 7-12
10,1963,7,East Buchanan,41,43,95.35,39,41,95.12,2,260,0.77,2,168,1.19,   High School,   Grades 7-12
49,1965,9,Easton Valley,24,25,96,****,****,****,1,238,0.42,1,158,0.63,   High School,   Grades 7-12
64,1968,7,East Marshall,72,78,92.31,56,59,94.92,9,454,1.98,9,304,2.96,   High School,   Grades 7-12
88,1970,13,East Union,25,26,96.15,30,32,93.75,2,199,1.01,2,128,1.56,   High School,   Grades 7-12
3,1972,1,Eastern Allamakee,41,41,100,32,32,100,,185,0,,131,0,   High School,   Grades 7-12
97,1975,12,River Valley,28,29,96.55,26,26,100,1,171,0.58,1,102,0.98,   High School,   Grades 7-12
28,1989,1,Edgewood-Colesburg,40,44,90.91,43,45,95.56,2,262,0.76,2,175,1.14,   High School,   Grades 7-12
42,2007,7,Eldora-New Providence,57,62,91.94,69,72,95.83,6,300,2,6,277,2.17,   High School,   Grades 7-12
74,2088,5,Emmetsburg,60,66,90.91,53,53,100,4,337,1.19,4,239,1.67,   High School,   Grades 7-12
48,2097,10,English Valleys,30,34,88.24,33,33,100,1,209,0.48,1,142,0.7,   High School,   Grades 7-12
73,2113,13,Essex,25,26,96.15,16,18,88.89,1,126,0.79,1,92,1.09,   High School,   Grades 7-12
32,2124,5,Estherville Lincoln,76,87,87.36,69,81,85.19,6,544,1.1,6,349,1.72,   High School,   Grades 7-12
83,2151,11,Exira-Elk Horn-Kimballton,37,38,97.37,29,30,96.67,2,186,1.08,1,140,0.71,No High School,   Grades 7-12
51,2169,15,Fairfield,106,120,88.33,125,135,92.59,12,761,1.58,12,509,2.36,   High School,   Grades 7-12
36,2205,13,Farragut,17,20,85,33,33,100,3,95,3.16,3,92,3.26,   High School,   Grades 7-12
95,2295,7,Forest City,77,83,92.77,80,83,96.39,5,553,0.9,5,359,1.39,   High School,   Grades 7-12
94,2313,5,Fort Dodge,214,267,80.15,236,262,90.08,60,1639,3.66,59,1118,5.28,   High School,   Grades 7-12
56,2322,15,Fort Madison,135,144,93.75,141,158,89.24,14,931,1.5,14,639,2.19,   High School,   Grades 7-12
36,2369,13,Fremont-Mills,23,24,95.83,39,41,95.12,3,188,1.6,3,131,2.29,   High School,   Grades 7-12
47,2376,12,Galva-Holstein,61,62,98.39,57,57,100,4,248,1.61,4,244,1.64,   High School,   Grades 7-12
41,2403,7,Garner-Hayfield,94,98,95.92,75,76,98.68,4,380,1.05,4,367,1.09,   High School,   Grades 7-12
60,2457,12,George-Little Rock,29,30,96.67,26,27,96.3,2,212,0.94,2,139,1.44,   High School,   Grades 7-12
85,2466,11,Gilbert,76,79,96.2,94,94,100,1,630,0.16,1,410,0.24,   High School,   Grades 7-12
46,2493,5,Gilmore City-Bradgate,,,,,,,****,****,****,****,****,****,No High School,No Grades 7-12
38,2502,7,Gladbrook-Reinbeck,43,44,97.73,36,39,92.31,2,269,0.74,2,174,1.15,   High School,   Grades 7-12
65,2511,13,Glenwood,137,149,91.95,145,151,96.03,17,924,1.84,17,635,2.68,   High School,   Grades 7-12
14,2520,11,Glidden-Ralston,29,29,100,25,25,100,1,162,0.62,1,116,0.86,   High School,   Grades 7-12
74,2556,5,Graettinger-Terril,25,28,89.29,21,21,100,5,143,3.5,5,94,5.32,   High School,   Grades 7-12
1,2673,13,Nodaway Valley,38,40,95,58,60,96.67,2,301,0.66,2,198,1.01,   High School,   Grades 7-12
86,2682,7,GMG,38,39,97.44,17,18,94.44,1,226,0.44,1,148,0.68,   High School,   Grades 7-12
79,2709,7,Grinnell-Newburg,127,145,87.59,124,129,96.12,22,801,2.75,22,525,4.19,   High School,   Grades 7-12
15,2718,13,Griswold,48,49,97.96,44,45,97.78,1,272,0.37,1,180,0.56,   High School,   Grades 7-12
38,2727,7,Grundy Center,41,44,93.18,48,49,97.96,,279,0,,178,0,   High School,   Grades 7-12
39,2754,11,Guthrie Center,40,42,95.24,34,34,100,2,235,0.85,2,156,1.28,   High School,   Grades 7-12
22,2763,1,Clayton Ridge,58,63,92.06,52,55,94.55,23,417,5.52,18,296,6.08,   High School,   Grades 7-12
48,2766,10,H-L-V,22,24,91.67,21,22,95.45,1,143,0.7,1,98,1.02,   High School,   Grades 7-12
36,2772,13,Hamburg,****,****,****,****,****,****,,61,0,****,****,****,No High School,   Grades 7-12
35,2781,7,Hampton-Dumont,71,78,91.03,81,83,97.59,15,533,2.81,15,358,4.19,   High School,   Grades 7-12
83,2826,13,Harlan,120,129,93.02,116,120,96.67,10,766,1.31,10,514,1.95,   High School,   Grades 7-12
89,2834,15,Harmony,14,16,87.5,20,22,90.91,2,111,1.8,2,74,2.7,   High School,   Grades 7-12
30,2846,5,Harris-Lake Park,23,25,92,15,17,88.24,,144,0,,98,0,   High School,   Grades 7-12
71,2862,12,Hartley-Melvin-Sanborn,40,45,88.89,49,51,96.08,4,300,1.33,4,212,1.89,   High School,   Grades 7-12
92,2977,10,Highland,38,45,84.44,45,46,97.83,2,313,0.64,2,208,0.96,   High School,   Grades 7-12
75,2988,12,Hinton,61,61,100,37,38,97.37,,349,0,,238,0,   High School,   Grades 7-12
45,3029,1,Howard-Winneshiek,103,110,93.64,94,101,93.07,13,641,2.03,13,432,3.01,   High School,   Grades 7-12
42,3033,7,Hubbard-Radcliffe,,,,,,,1,122,0.82,1,10,10,No High School,Grades 7-8
7,3042,7,Hudson,59,59,100,47,47,100,,326,0,,227,0,   High School,   Grades 7-12
46,3060,5,Humboldt,95,109,87.16,96,101,95.05,11,679,1.62,11,460,2.39,   High School,   Grades 7-12
10,3105,7,Independence,98,105,93.33,93,97,95.88,4,628,0.64,4,428,0.93,   High School,   Grades 7-12
91,3114,11,Indianola,246,254,96.85,243,247,98.38,8,1664,0.48,8,1108,0.72,   High School,   Grades 7-12
61,3119,11,Interstate 35,62,65,95.38,65,66,98.48,1,411,0.24,1,264,0.38,   High School,   Grades 7-12
52,3141,10,Iowa City,781,864,90.39,754,835,90.3,80,5522,1.45,70,3602,1.94,   High School,   Grades 7-12
42,3150,7,Iowa Falls,93,96,96.88,93,100,93,6,615,0.98,5,401,1.25,   High School,   Grades 7-12
48,3154,10,Iowa Valley,48,52,92.31,44,46,95.65,3,246,1.22,3,176,1.7,   High School,   Grades 7-12
24,3168,13,IKM-Manning,46,47,97.87,55,56,98.21,3,330,0.91,3,222,1.35,   High School,   Grades 7-12
9,3186,7,Janesville Consolidated,39,39,100,16,16,100,1,182,0.55,1,124,0.81,   High School,   Grades 7-12
37,3195,5,Greene County,78,85,91.76,80,88,90.91,15,585,2.56,15,394,3.81,   High School,   Grades 7-12
10,3204,7,Jesup,45,46,97.83,45,46,97.83,2,343,0.58,2,211,0.95,   High School,   Grades 7-12
77,3231,11,Johnston,400,424,94.34,361,369,97.83,4,2898,0.14,4,1904,0.21,   High School,   Grades 7-12
56,3312,15,Keokuk,146,163,89.57,146,160,91.25,9,909,0.99,9,621,1.45,   High School,   Grades 7-12
54,3330,15,Keota,16,17,94.12,17,18,94.44,2,120,1.67,2,78,2.56,   High School,   Grades 7-12
75,3348,12,Kingsley-Pierson,32,32,100,38,38,100,7,213,3.29,7,136,5.15,   High School,   Grades 7-12
63,3375,11,Knoxville,131,141,92.91,116,128,90.63,5,817,0.61,5,556,0.9,   High School,   Grades 7-12
95,3420,7,Lake Mills,39,42,92.86,40,40,100,3,321,0.93,3,214,1.4,   High School,   Grades 7-12
27,3465,13,Lamoni,26,30,86.67,26,26,100,1,146,0.68,1,94,1.06,   High School,   Grades 7-12
76,3537,5,Laurens-Marathon,17,18,94.44,25,28,89.29,1,132,0.76,1,86,1.16,   High School,   Grades 7-12
97,3555,12,Lawton-Bronson,40,40,100,45,47,95.74,4,281,1.42,4,187,2.14,   High School,   Grades 7-12
75,3600,12,Le Mars,143,149,95.97,161,165,97.58,8,957,0.84,8,652,1.23,   High School,   Grades 7-12
87,3609,13,Lenox,24,27,88.89,25,27,92.59,1,184,0.54,1,121,0.83,   High School,   Grades 7-12
78,3645,13,Lewis Central,194,208,93.27,199,211,94.31,15,1442,1.04,15,955,1.57,   High School,   Grades 7-12
16,3691,10,North Cedar,60,65,92.31,57,60,95,3,405,0.74,3,274,1.09,   High School,   Grades 7-12
57,3715,10,Linn-Mar,378,413,91.53,392,412,95.15,42,3025,1.39,42,1961,2.14,   High School,   Grades 7-12
57,3744,10,Lisbon,42,43,97.67,34,37,91.89,1,287,0.35,1,194,0.52,   High School,   Grades 7-12
43,3798,13,Logan-Magnolia,44,47,93.62,51,53,96.23,1,284,0.35,1,177,0.56,   High School,   Grades 7-12
52,3816,10,Lone Tree,29,31,93.55,41,41,100,,225,0,,142,0,   High School,   Grades 7-12
58,3841,9,Louisa-Muscatine,52,59,88.14,55,62,88.71,15,388,3.87,15,264,5.68,   High School,   Grades 7-12
55,3897,5,LuVerne,****,****,****,,,,****,****,****,****,****,****,No High School,No Grades 7-12
50,3906,11,Lynnville-Sully,40,40,100,39,40,97.5,3,232,1.29,3,156,1.92,   High School,   Grades 7-12
8,3942,11,Madrid,43,45,95.56,41,44,93.18,3,312,0.96,3,212,1.42,   High School,   Grades 7-12
65,3978,13,East Mills,31,33,93.94,36,37,97.3,6,226,2.65,6,156,3.85,   High School,   Grades 7-12
13,4023,5,Manson Northwest Webster,55,61,90.16,41,43,95.35,12,334,3.59,12,231,5.19,   High School,   Grades 7-12
67,4033,12,Maple Valley-Anthon Oto,61,64,95.31,50,54,92.59,8,325,2.46,8,225,3.56,   High School,   Grades 7-12
49,4041,9,Maquoketa,101,119,84.87,107,119,89.92,25,760,3.29,25,530,4.72,   High School,   Grades 7-12
28,4043,1,Maquoketa Valley,55,55,100,53,53,100,1,319,0.31,1,211,0.47,   High School,   Grades 7-12
18,4068,12,Marcus-Meriden-Cleghorn,27,29,93.1,44,46,95.65,1,181,0.55,1,128,0.78,   High School,   Grades 7-12
57,4086,10,Marion Independent,124,134,92.54,163,173,94.22,23,948,2.43,23,638,3.61,   High School,   Grades 7-12
64,4104,7,Marshalltown,323,371,87.06,298,353,84.42,83,2216,3.75,82,1473,5.57,   High School,   Grades 7-12
91,4122,11,Martensdale-St Marys,32,33,96.97,41,41,100,5,253,1.98,5,164,3.05,   High School,   Grades 7-12
17,4131,7,Mason City,247,273,90.48,244,262,93.13,42,1658,2.53,42,1107,3.79,   High School,   Grades 7-12
84,4149,12,MOC-Floyd Valley,103,106,97.17,98,101,97.03,,613,0,,423,0,   High School,   Grades 7-12
29,4203,15,Mediapolis,46,52,88.46,80,85,94.12,5,378,1.32,5,261,1.92,   High School,   Grades 7-12
63,4212,11,Melcher-Dallas,14,16,87.5,33,33,100,,121,0,,78,0,   High School,   Grades 7-12
53,4269,10,Midland,24,27,88.89,34,35,97.14,5,210,2.38,5,134,3.73,   High School,   Grades 7-12
92,4271,10,Mid-Prairie,75,84,89.29,77,86,89.53,3,569,0.53,3,378,0.79,   High School,   Grades 7-12
43,4356,13,Missouri Valley,62,70,88.57,67,68,98.53,2,389,0.51,2,245,0.82,   High School,   Grades 7-12
22,4419,1,MFL MarMac,53,58,91.38,56,59,94.92,4,348,1.15,4,235,1.7,   High School,   Grades 7-12
79,4437,7,Montezuma,40,41,97.56,31,33,93.94,3,244,1.23,3,161,1.86,   High School,   Grades 7-12
53,4446,10,Monticello,69,76,90.79,77,84,91.67,5,494,1.01,5,328,1.52,   High School,   Grades 7-12
4,4491,15,Moravia,21,24,87.5,17,21,80.95,4,171,2.34,4,113,3.54,   High School,   Grades 7-12
93,4505,13,Mormon Trail,13,14,92.86,12,12,100,2,103,1.94,2,67,2.99,   High School,   Grades 7-12
58,4509,15,Morning Sun,14,17,82.35,10,12,83.33,4,99,4.04,4,64,6.25,No High School,No Grades 7-12
4,4518,15,Moulton-Udell,10,10,100,26,26,100,,86,0,,61,0,   High School,   Grades 7-12
80,4527,13,Mount Ayr,43,44,97.73,36,37,97.3,,263,0,,167,0,   High School,   Grades 7-12
44,4536,15,Mount Pleasant,123,142,86.62,156,169,92.31,24,1000,2.4,24,681,3.52,   High School,   Grades 7-12
57,4554,10,Mount Vernon,81,91,89.01,93,94,98.94,3,600,0.5,3,394,0.76,   High School,   Grades 7-12
20,4572,13,Murray,21,22,95.45,25,25,100,2,164,1.22,2,105,1.9,   High School,   Grades 7-12
70,4581,9,Muscatine,301,368,81.79,302,380,79.47,61,2385,2.56,61,1583,3.85,   High School,   Grades 7-12
19,4599,7,Nashua-Plainfield,47,52,90.38,51,54,94.44,2,281,0.71,2,184,1.09,   High School,   Grades 7-12
85,4617,11,Nevada,80,87,91.95,103,106,97.17,8,663,1.21,8,425,1.88,   High School,   Grades 7-12
11,4644,5,Newell-Fonda,28,28,100,30,32,93.75,3,217,1.38,3,135,2.22,   High School,   Grades 7-12
19,4662,1,New Hampton,79,95,83.16,89,95,93.68,10,502,1.99,10,353,2.83,   High School,   Grades 7-12
44,4689,15,New London,38,41,92.68,28,34,82.35,2,240,0.83,2,164,1.22,   High School,   Grades 7-12
50,4725,11,Newton,189,208,90.87,205,213,96.24,21,1300,1.62,21,848,2.48,   High School,   Grades 7-12
98,4772,7,Central Springs,66,72,91.67,68,72,94.44,7,366,1.91,7,258,2.71,   High School,   Grades 7-12
23,4773,9,Northeast,72,77,93.51,68,69,98.55,2,454,0.44,2,316,0.63,   High School,   Grades 7-12
33,4774,1,North Fayette,79,81,97.53,57,59,96.61,4,370,1.08,4,354,1.13,   High School,   Grades 7-12
40,4775,5,Northeast Hamilton,19,19,100,15,15,100,,85,0,,57,0,   High School,   Grades 7-12
62,4776,15,North Mahaska,39,43,90.7,40,46,86.96,3,255,1.18,3,181,1.66,   High School,   Grades 7-12
57,4777,10,North Linn,41,44,93.18,44,46,95.65,4,297,1.35,4,194,2.06,   High School,   Grades 7-12
55,4778,5,North Kossuth,****,****,****,****,****,****,,107,0,,14,0,No High School,   Grades 7-12
77,4779,11,North Polk,95,98,96.94,84,85,98.82,1,585,0.17,1,368,0.27,   High School,   Grades 7-12
82,4784,9,North Scott,185,209,88.52,210,223,94.17,17,1412,1.2,16,937,1.71,   High School,   Grades 7-12
86,4785,7,North Tama County,29,36,80.56,45,46,97.83,7,242,2.89,7,165,4.24,   High School,   Grades 7-12
96,4787,1,North Winneshiek,****,****,****,****,****,****,,50,0,,17,0,No High School,   Grades 7-12
98,4788,7,Northwood-Kensett,36,37,97.3,42,43,97.67,,239,0,,160,0,   High School,   Grades 7-12
91,4797,11,Norwalk,118,121,97.52,183,191,95.81,8,1190,0.67,8,776,1.03,   High School,   Grades 7-12
81,4860,5,Odebolt-Arthur,****,****,****,****,****,****,,126,0,****,****,****,No High School,   Grades 7-12
33,4869,1,Oelwein,81,88,92.05,96,108,88.89,4,572,0.7,4,399,1,   High School,   Grades 7-12
8,4878,11,Ogden,50,52,96.15,47,49,95.92,5,337,1.48,5,233,2.15,   High School,   Grades 7-12
30,4890,5,Okoboji,53,59,89.83,69,71,97.18,10,392,2.55,10,263,3.8,   High School,   Grades 7-12
53,4905,10,Olin Consolidated,****,****,****,****,****,****,,13,0,****,****,****,No High School,No Grades 7-12
1,4978,13,Orient-Macksburg,10,10,100,14,14,100,,66,0,,42,0,   High School,   Grades 7-12
66,4995,7,Osage,78,80,97.5,58,60,96.67,,456,0,,309,0,   High School,   Grades 7-12
62,5013,15,Oskaloosa,135,159,84.91,136,153,88.89,17,1068,1.59,17,702,2.42,   High School,   Grades 7-12
90,5049,15,Ottumwa,288,322,89.44,294,326,90.18,48,1944,2.47,48,1303,3.68,   High School,   Grades 7-12
39,5121,11,Panorama,61,62,98.39,52,53,98.11,2,351,0.57,2,241,0.83,   High School,   Grades 7-12
37,5139,5,Paton-Churdan,9,10,90,11,12,91.67,,81,0,,48,0,   High School,   Grades 7-12
50,5160,11,PCM,65,70,92.86,65,66,98.48,6,485,1.24,6,310,1.94,   High School,   Grades 7-12
54,5163,15,Pekin,47,53,88.68,46,47,97.87,3,325,0.92,3,213,1.41,   High School,   Grades 7-12
63,5166,11,Pella,143,154,92.86,161,164,98.17,5,991,0.5,5,683,0.73,   High School,   Grades 7-12
25,5184,11,Perry,134,150,89.33,119,126,94.44,15,862,1.74,15,587,2.56,   High School,   Grades 7-12
82,5250,9,Pleasant Valley,289,301,96.01,282,292,96.58,14,1962,0.71,13,1261,1.03,   High School,   Grades 7-12
63,5256,11,Pleasantville,48,49,97.96,38,40,95,2,313,0.64,2,188,1.06,   High School,   Grades 7-12
76,5283,5,Pocahontas Area,43,47,91.49,47,49,95.92,8,344,2.33,8,231,3.46,   High School,   Grades 7-12
3,5310,1,Postville,38,42,90.48,27,32,84.38,6,268,2.24,6,186,3.23,   High School,   Grades 7-12
94,5325,5,Prairie Valley,43,45,95.56,57,61,93.44,4,308,1.3,4,217,1.84,   High School,   Grades 7-12
2,5328,13,Prescott,****,****,****,****,****,****,,13,0,****,****,****,No High School,No Grades 7-12
69,5463,13,Red Oak,81,84,96.43,88,97,90.72,10,528,1.89,10,351,2.85,   High School,   Grades 7-12
75,5486,12,Remsen-Union,29,30,96.67,25,27,92.59,1,164,0.61,1,120,0.83,   High School,   Grades 7-12
45,5508,1,Riceville,22,22,100,18,18,100,2,136,1.47,2,90,2.22,   High School,   Grades 7-12
78,5510,13,Riverside,48,50,96,43,45,95.56,4,279,1.43,4,196,2.04,   High School,   Grades 7-12
84,5607,12,Rock Valley,44,46,95.65,44,44,100,4,316,1.27,4,220,1.82,   High School,   Grades 7-12
85,5643,11,Roland-Story,69,71,97.18,74,76,97.37,3,489,0.61,3,302,0.99,   High School,   Grades 7-12
34,5697,7,Rudd-Rockford-Marble Rk,34,37,91.89,35,35,100,,244,0,,153,0,   High School,   Grades 7-12
74,5724,5,Ruthven-Ayrshire,20,20,100,16,16,100,,96,0,,67,0,   High School,   Grades 7-12
66,5751,7,St Ansgar,54,54,100,54,55,98.18,2,326,0.61,2,223,0.9,   High School,   Grades 7-12
77,5805,11,Saydel,97,102,95.1,90,95,94.74,15,665,2.26,15,460,3.26,   High School,   Grades 7-12
81,5823,5,Schaller-Crestland,****,****,****,****,****,****,,111,0,****,****,****,No High School,   Grades 7-12
24,5832,12,Schleswig,****,****,****,,,,,39,0,****,****,****,No High School,   Grades 7-12
97,5877,12,Sergeant Bluff-Luton,106,110,96.36,104,105,99.05,1,695,0.14,1,464,0.22,   High School,   Grades 7-12
93,5895,15,Seymour,13,13,100,14,16,87.5,1,99,1.01,1,63,1.59,   High School,   Grades 7-12
17,5922,7,West Fork CSD,53,55,96.36,59,61,96.72,3,324,0.93,3,223,1.35,   High School,   Grades 7-12
71,5949,12,Sheldon,66,72,91.67,65,70,92.86,8,462,1.73,8,300,2.67,   High School,   Grades 7-12
73,5976,13,Shenandoah,70,74,94.59,63,74,85.14,10,473,2.11,10,332,3.01,   High School,   Grades 7-12
72,5994,12,Sibley-Ocheyedan,54,56,96.43,39,46,84.78,2,336,0.6,2,224,0.89,   High School,   Grades 7-12
36,6003,13,Sidney,25,25,100,31,32,96.88,1,175,0.57,1,122,0.82,   High School,   Grades 7-12
54,6012,15,Sigourney,40,43,93.02,39,40,97.5,2,251,0.8,2,163,1.23,   High School,   Grades 7-12
84,6030,12,Sioux Center,61,68,89.71,53,65,81.54,14,485,2.89,14,318,4.4,   High School,   Grades 7-12
11,6035,5,Sioux Central,59,64,92.19,35,36,97.22,5,310,1.61,5,214,2.34,   High School,   Grades 7-12
97,6039,12,Sioux City,774,904,85.62,803,899,89.32,75,5811,1.29,71,3841,1.85,   High School,   Grades 7-12
13,6091,5,South Central Calhoun,56,58,96.55,72,77,93.51,4,392,1.02,4,257,1.56,   High School,   Grades 7-12
52,6093,10,Solon,136,141,96.45,96,101,95.05,7,671,1.04,7,467,1.5,   High School,   Grades 7-12
91,6094,11,Southeast Warren,38,40,95,32,32,100,1,225,0.44,1,142,0.7,   High School,   Grades 7-12
40,6095,5,South Hamilton,54,57,94.74,50,50,100,2,346,0.58,2,232,0.86,   High School,   Grades 7-12
94,6096,5,Southeast Webster Grand,37,39,94.87,28,31,90.32,4,236,1.69,4,148,2.7,   High School,   Grades 7-12
73,6097,13,South Page,10,11,90.91,14,16,87.5,2,62,3.23,2,47,4.26,   High School,   Grades 7-12
86,6098,7,South Tama County,91,100,91,94,101,93.07,13,630,2.06,13,414,3.14,   High School,   Grades 7-12
71,6099,12,South O'Brien,52,58,89.66,53,57,92.98,5,294,1.7,5,209,2.39,   High School,   Grades 7-12
96,6100,1,South Winneshiek,67,69,97.1,62,65,95.38,3,309,0.97,3,245,1.22,   High School,   Grades 7-12
77,6101,11,Southeast Polk,459,473,97.04,361,371,97.3,21,3006,0.7,19,1993,0.95,   High School,   Grades 7-12
21,6102,5,Spencer,132,141,93.62,126,137,91.97,12,906,1.32,12,594,2.02,   High School,   Grades 7-12
30,6120,5,Spirit Lake,78,91,85.71,89,91,97.8,4,609,0.66,4,409,0.98,   High School,   Grades 7-12
57,6138,10,Springville,25,25,100,26,26,100,,169,0,,112,0,   High School,   Grades 7-12
69,6165,13,Stanton,16,19,84.21,18,18,100,3,113,2.65,3,80,3.75,   High School,   Grades 7-12
33,6175,1,Starmont,34,37,91.89,51,52,98.08,1,266,0.38,1,184,0.54,   High School,   Grades 7-12
11,6219,5,Storm Lake,68,150,45.33,136,152,89.47,23,980,2.35,23,674,3.41,   High School,   Grades 7-12
40,6246,5,Stratford,****,****,****,****,****,****,****,****,****,****,****,****,No High School,No Grades 7-12
39,6264,11,West Central Valley,61,66,92.42,53,54,98.15,5,391,1.28,5,271,1.85,   High School,   Grades 7-12
9,6273,7,Sumner-Fredericksburg,53,54,98.15,57,59,96.61,1,373,0.27,1,246,0.41,   High School,   Grades 7-12
16,6408,10,Tipton,65,75,86.67,49,53,92.45,8,422,1.9,8,290,2.76,   High School,   Grades 7-12
78,6453,13,Treynor,49,50,98,54,54,100,1,341,0.29,1,231,0.43,   High School,   Grades 7-12
78,6460,13,Tri-Center,55,58,94.83,56,56,100,1,328,0.3,1,218,0.46,   High School,   Grades 7-12
54,6462,15,Tri-County,23,24,95.83,19,20,95,1,118,0.85,1,80,1.25,   High School,   Grades 7-12
9,6471,7,Tripoli,25,27,92.59,34,37,91.89,3,207,1.45,3,137,2.19,   High School,   Grades 7-12
96,6509,1,Turkey Valley,27,27,100,46,46,100,1,202,0.5,1,144,0.69,   High School,   Grades 7-12
63,6512,11,Twin Cedars,40,41,97.56,42,44,95.45,4,199,2.01,4,145,2.76,   High School,   Grades 7-12
46,6516,5,Twin Rivers,, ,,,,,****,****,****,****,****,****,No High School,No Grades 7-12
78,6534,13,Underwood,49,50,98,58,58,100,1,347,0.29,1,221,0.45,   High School,   Grades 7-12
7,6536,7,Union,92,96,95.83,93,100,93,8,607,1.32,8,405,1.98,   High School,   Grades 7-12
8,6561,11,United,,,,****,****,****,,15,0,****,****,****,No High School,No Grades 7-12
77,6579,11,Urbandale,263,269,97.77,269,280,96.07,6,1836,0.33,6,1252,0.48,   High School,   Grades 7-12
33,6591,1,Valley,****,****,****,43,46,93.48,,187,0,,14,0,No High School,   Grades 7-12
89,6592,15,Van Buren,48,53,90.57,33,38,86.84,4,284,1.41,4,184,2.17,   High School,   Grades 7-12
25,6615,11,Van Meter,51,51,100,41,41,100,2,323,0.62,2,212,0.94,   High School,   Grades 7-12
17,6633,7,Ventura,,0,,****,****,****,,171,0,****,****,****,No High School,   Grades 7-12
69,6651,13,Villisca,****,****,****,27,29,93.1,,103,0,,10,0,No High School,   Grades 7-12
6,6660,10,Vinton-Shellsburg,91,103,88.35,113,123,91.87,12,707,1.7,11,476,2.31,   High School,   Grades 7-12
44,6700,15,Waco,28,31,90.32,33,36,91.67,3,195,1.54,3,130,2.31,   High School,   Grades 7-12
81,6741,5,East Sac County,90,92,97.83,60,60,100,,452,0,,305,0,   High School,   Grades 7-12
78,6750,13,Walnut,****,****,****,****,****,****,1,32,3.13,1,22,4.55,   High School,   Grades 7-12
58,6759,15,Wapello,55,61,90.16,51,59,86.44,4,345,1.16,4,236,1.69,   High School,   Grades 7-12
9,6762,7,Wapsie Valley,57,58,98.28,43,43,100,,309,0,,194,0,   High School,   Grades 7-12
92,6768,10,Washington,121,141,85.82,110,120,91.67,7,862,0.81,7,546,1.28,   High School,   Grades 7-12
7,6795,7,Waterloo,517,697,74.18,467,633,73.78,182,4640,3.92,182,3176,5.73,   High School,   Grades 7-12
25,6822,11,Waukee,456,465,98.06,367,371,98.92,10,3218,0.31,10,2001,0.5,   High School,   Grades 7-12
9,6840,7,Waverly-Shell Rock,165,173,95.38,163,170,95.88,13,985,1.32,13,641,2.03,   High School,   Grades 7-12
93,6854,15,Wayne,41,43,95.35,40,40,100,3,231,1.3,3,148,2.03,   High School,   Grades 7-12
40,6867,5,Webster City,109,121,90.08,124,128,96.88,10,772,1.3,10,546,1.83,   High School,   Grades 7-12
74,6921,5,West Bend-Mallard,24,25,96,28,28,100,3,180,1.67,3,119,2.52,   High School,   Grades 7-12
16,6930,10,West Branch,62,70,88.57,66,67,98.51,3,382,0.79,3,250,1.2,   High School,   Grades 7-12
29,6937,15,West Burlington Ind,47,55,85.45,39,43,90.7,4,384,1.04,3,257,1.17,   High School,   Grades 7-12
33,6943,1,West Central,28,29,96.55,23,23,100,,135,0,,99,0,   High School,   Grades 7-12
28,6950,1,West Delaware County,117,122,95.9,123,129,95.35,7,728,0.96,7,500,1.4,   High School,   Grades 7-12
77,6957,11,West Des Moines,628,676,92.9,582,635,91.65,74,4204,1.76,69,2838,2.43,   High School,   Grades 7-12
31,6961,1,Western Dubuque,242,250,96.8,272,275,98.91,5,1569,0.32,5,1085,0.46,   High School,   Grades 7-12
43,6969,13,West Harrison,33,34,97.06,36,37,97.3,1,172,0.58,1,119,0.84,   High School,   Grades 7-12
70,6975,9,West Liberty,75,79,94.94,71,75,94.67,3,522,0.57,3,320,0.94,   High School,   Grades 7-12
60,6983,12,West Lyon,51,53,96.23,45,45,100,4,345,1.16,4,216,1.85,   High School,   Grades 7-12
64,6985,7,West Marshall,63,65,96.92,65,65,100,2,399,0.5,2,250,0.8,   High School,   Grades 7-12
67,6987,12,West Monona,31,36,86.11,48,52,92.31,11,273,4.03,11,196,5.61,   High School,   Grades 7-12
84,6990,12,West Sioux,28,40,70,41,44,93.18,2,274,0.73,2,167,1.2,   High School,   Grades 7-12
97,6992,12,Westwood,30,30,100,52,56,92.86,,236,0,,160,0,   High School,   Grades 7-12
67,7002,12,Whiting,15,15,100,15,16,93.75,,87,0,,52,0,   High School,   Grades 7-12
48,7029,10,Williamsburg,95,104,91.35,88,88,100,3,596,0.5,3,416,0.72,   High School,   Grades 7-12
70,7038,9,Wilton,57,62,91.94,57,61,93.44,7,351,1.99,7,241,2.9,   High School,   Grades 7-12
44,7047,15,Winfield-Mt Union,23,24,95.83,25,28,89.29,6,193,3.11,6,133,4.51,   High School,   Grades 7-12
61,7056,11,Winterset,126,128,98.44,95,97,97.94,7,807,0.87,7,554,1.26,   High School,   Grades 7-12
43,7092,13,Woodbine,40,40,100,33,36,91.67,1,175,0.57,1,118,0.85,   High School,   Grades 7-12
97,7098,12,Woodbury Central,53,55,96.36,43,44,97.73,,284,0,,186,0,   High School,   Grades 7-12
25,7110,11,Woodward-Granger,37,41,90.24,41,43,95.35,2,325,0.62,2,212,0.94,   High School,   Grades 7-12